Time,Sequence Number,Event
0,0,send
0,0,transmit
0.109,0,ack
0.109,1000,send
0.109,2000,send
0.109,1000,transmit
0.117,2000,transmit
0.218,1000,ack
0.218,3000,send
0.218,4000,send
0.218,3000,transmit
0.226,4000,transmit
0.226,2000,ack
0.226,5000,send
0.226,6000,send
0.234,5000,transmit
0.242,6000,transmit
0.327,3000,ack
0.327,7000,send
0.327,8000,send
0.327,7000,transmit
0.335,8000,transmit
0.335,4000,ack
0.335,9000,send
0.335,10000,send
0.343,9000,transmit
0.343,5000,ack
0.343,11000,send
0.343,12000,send
0.351,10000,transmit
0.351,6000,ack
0.351,13000,send
0.351,14000,send
0.359,11000,transmit
0.367,12000,transmit
0.375,13000,transmit
0.383,14000,transmit
0.436,7000,ack
0.436,15000,send
0.436,16000,send
0.436,15000,transmit
0.444,16000,transmit
0.444,8000,ack
0.444,17000,send
0.444,18000,send
0.452,17000,transmit
0.452,9000,ack
0.452,19000,send
0.452,20000,send
0.46,18000,transmit
0.46,10000,ack
0.46,21000,send
0.46,22000,send
0.468,19000,transmit
0.468,11000,ack
0.468,23000,send
0.468,24000,send
0.476,20000,transmit
0.476,12000,ack
0.476,25000,send
0.476,26000,send
0.484,21000,transmit
0.484,13000,ack
0.484,27000,send
0.484,28000,send
0.492,22000,transmit
0.492,14000,ack
0.492,29000,send
0.492,30000,send
0.5,23000,transmit
0.508,24000,transmit
0.516,25000,transmit
0.524,26000,transmit
0.532,27000,transmit
0.54,28000,transmit
0.545,15000,ack
0.545,31000,send
0.545,32000,send
0.548,29000,transmit
0.553,16000,ack
0.553,33000,send
0.553,34000,send
0.556,30000,transmit
0.561,17000,ack
0.561,35000,send
0.561,36000,send
0.564,31000,transmit
0.569,18000,ack
0.569,37000,send
0.569,38000,send
0.572,32000,transmit
0.577,19000,ack
0.577,39000,send
0.577,40000,send
0.58,33000,transmit
0.585,20000,ack
0.585,41000,send
0.585,42000,send
0.588,34000,transmit
0.593,21000,ack
0.593,43000,send
0.593,44000,send
0.596,35000,transmit
0.601,22000,ack
0.601,45000,send
0.601,46000,send
0.604,36000,transmit
0.609,23000,ack
0.609,47000,send
0.609,48000,send
0.612,37000,transmit
0.617,24000,ack
0.617,49000,send
0.617,50000,send
0.62,38000,transmit
0.625,25000,ack
0.625,51000,send
0.625,52000,send
0.628,39000,transmit
0.633,26000,ack
0.633,53000,send
0.633,54000,send
0.636,40000,transmit
0.641,27000,ack
0.641,55000,send
0.641,56000,send
0.644,41000,transmit
0.649,28000,ack
0.649,57000,send
0.649,58000,send
0.652,42000,transmit
0.657,29000,ack
0.657,59000,send
0.657,60000,send
0.66,43000,transmit
0.665,30000,ack
0.665,61000,send
0.665,62000,send
0.668,44000,transmit
0.673,31000,ack
0.673,63000,send
0.673,64000,send
0.676,45000,transmit
0.681,32000,ack
0.681,65000,send
0.681,66000,send
0.684,46000,transmit
0.689,33000,ack
0.689,67000,send
0.689,68000,send
0.692,47000,transmit
0.697,34000,ack
0.697,69000,send
0.697,70000,send
0.7,48000,transmit
0.705,35000,ack
0.705,71000,send
0.705,72000,send
0.708,49000,transmit
0.713,36000,ack
0.713,73000,send
0.713,74000,send
0.716,50000,transmit
0.721,37000,ack
0.721,75000,send
0.721,76000,send
0.724,51000,transmit
0.729,38000,ack
0.729,77000,send
0.729,78000,send
0.732,52000,transmit
0.737,39000,ack
0.737,79000,send
0.737,80000,send
0.74,53000,transmit
0.745,40000,ack
0.745,81000,send
0.745,82000,send
0.748,54000,transmit
0.753,41000,ack
0.753,83000,send
0.753,84000,send
0.756,55000,transmit
0.761,42000,ack
0.761,85000,send
0.761,86000,send
0.764,56000,transmit
0.769,43000,ack
0.769,87000,send
0.769,88000,send
0.772,57000,transmit
0.777,44000,ack
0.777,89000,send
0.777,90000,drop
0.78,58000,transmit
0.785,45000,ack
0.785,91000,send
0.785,92000,send
0.788,59000,transmit
0.793,46000,ack
0.793,93000,send
0.793,94000,send
0.796,60000,transmit
0.801,47000,ack
0.801,95000,send
0.801,96000,send
0.804,61000,transmit
0.809,48000,ack
0.809,97000,send
0.809,98000,send
0.812,62000,transmit
0.817,49000,ack
0.817,99000,send
0.817,100000,send
0.82,63000,transmit
0.825,50000,ack
0.825,101000,send
0.825,102000,send
0.828,64000,transmit
0.833,51000,ack
0.833,103000,send
0.833,104000,send
0.836,65000,transmit
0.841,52000,ack
0.841,105000,send
0.841,106000,send
0.844,66000,transmit
0.849,53000,ack
0.849,107000,send
0.849,108000,send
0.852,67000,transmit
0.857,54000,ack
0.857,109000,send
0.857,110000,send
0.86,68000,transmit
0.865,55000,ack
0.865,111000,send
0.865,112000,send
0.868,69000,transmit
0.873,56000,ack
0.873,113000,send
0.873,114000,send
0.876,70000,transmit
0.881,57000,ack
0.881,115000,send
0.881,116000,send
0.884,71000,transmit
0.889,58000,ack
0.889,117000,send
0.889,118000,send
0.892,72000,transmit
0.897,59000,ack
0.897,119000,send
0.897,120000,send
0.9,73000,transmit
0.905,60000,ack
0.905,121000,send
0.905,122000,send
0.908,74000,transmit
0.913,61000,ack
0.913,123000,send
0.913,124000,send
0.916,75000,transmit
0.921,62000,ack
0.921,125000,send
0.921,126000,send
0.924,76000,transmit
0.929,63000,ack
0.929,127000,send
0.929,128000,send
0.932,77000,transmit
0.937,64000,ack
0.937,129000,send
0.937,130000,send
0.94,78000,transmit
0.945,65000,ack
0.945,131000,send
0.945,132000,send
0.948,79000,transmit
0.953,66000,ack
0.953,133000,send
0.953,134000,send
0.956,80000,transmit
0.961,67000,ack
0.961,135000,send
0.961,136000,send
0.964,81000,transmit
0.969,68000,ack
0.969,137000,send
0.969,138000,send
0.972,82000,transmit
0.977,69000,ack
0.977,139000,send
0.977,140000,send
0.98,83000,transmit
0.985,70000,ack
0.985,141000,send
0.985,142000,send
0.988,84000,transmit
0.993,71000,ack
0.993,143000,send
0.993,144000,send
0.996,85000,transmit
1.001,72000,ack
1.001,145000,send
1.001,146000,send
1.004,86000,transmit
1.009,73000,ack
1.009,147000,send
1.009,148000,send
1.012,87000,transmit
1.017,74000,ack
1.017,149000,send
1.017,150000,send
1.02,88000,transmit
1.025,75000,ack
1.025,151000,send
1.025,152000,send
1.028,89000,transmit
1.033,76000,ack
1.033,153000,send
1.033,154000,send
1.036,91000,transmit
1.041,77000,ack
1.041,155000,send
1.041,156000,send
1.044,92000,transmit
1.049,78000,ack
1.049,157000,send
1.049,158000,send
1.052,93000,transmit
1.057,79000,ack
1.057,159000,send
1.057,160000,send
1.06,94000,transmit
1.065,80000,ack
1.065,161000,send
1.065,162000,send
1.068,95000,transmit
1.073,81000,ack
1.073,163000,send
1.073,164000,send
1.076,96000,transmit
1.081,82000,ack
1.081,165000,send
1.081,166000,send
1.084,97000,transmit
1.089,83000,ack
1.089,167000,send
1.089,168000,send
1.092,98000,transmit
1.097,84000,ack
1.097,169000,send
1.097,170000,send
1.1,99000,transmit
1.105,85000,ack
1.105,171000,send
1.105,172000,send
1.108,100000,transmit
1.113,86000,ack
1.113,173000,send
1.113,174000,send
1.116,101000,transmit
1.121,87000,ack
1.121,175000,send
1.121,176000,send
1.124,102000,transmit
1.129,88000,ack
1.129,177000,send
1.129,178000,send
1.132,103000,transmit
1.137,89000,ack
1.137,179000,send
1.137,180000,send
1.14,104000,transmit
1.145,89000,ack
1.148,105000,transmit
1.153,89000,ack
1.156,106000,transmit
1.161,89000,ack
1.161,90000,send
1.164,107000,transmit
1.169,89000,ack
1.172,108000,transmit
1.177,89000,ack
1.18,109000,transmit
1.185,89000,ack
1.188,110000,transmit
1.193,89000,ack
1.196,111000,transmit
1.201,89000,ack
1.204,112000,transmit
1.209,89000,ack
1.212,113000,transmit
1.217,89000,ack
1.22,114000,transmit
1.225,89000,ack
1.228,115000,transmit
1.233,89000,ack
1.236,116000,transmit
1.241,89000,ack
1.244,117000,transmit
1.249,89000,ack
1.252,118000,transmit
1.257,89000,ack
1.26,119000,transmit
1.265,89000,ack
1.268,120000,transmit
1.273,89000,ack
1.276,121000,transmit
1.281,89000,ack
1.284,122000,transmit
1.289,89000,ack
1.292,123000,transmit
1.297,89000,ack
1.3,124000,transmit
1.305,89000,ack
1.308,125000,transmit
1.313,89000,ack
1.316,126000,transmit
1.321,89000,ack
1.324,127000,transmit
1.329,89000,ack
1.332,128000,transmit
1.337,89000,ack
1.34,129000,transmit
1.345,89000,ack
1.348,130000,transmit
1.353,89000,ack
1.356,131000,transmit
1.361,89000,ack
1.364,132000,transmit
1.369,89000,ack
1.372,133000,transmit
1.377,89000,ack
1.38,134000,transmit
1.385,89000,ack
1.388,135000,transmit
1.393,89000,ack
1.396,136000,transmit
1.401,89000,ack
1.404,137000,transmit
1.409,89000,ack
1.412,138000,transmit
1.417,89000,ack
1.42,139000,transmit
1.425,89000,ack
1.428,140000,transmit
1.433,89000,ack
1.436,141000,transmit
1.441,89000,ack
1.444,142000,transmit
1.449,89000,ack
1.452,143000,transmit
1.457,89000,ack
1.46,144000,transmit
1.465,89000,ack
1.468,145000,transmit
1.473,89000,ack
1.476,146000,transmit
1.481,89000,ack
1.484,147000,transmit
1.489,89000,ack
1.492,148000,transmit
1.497,89000,ack
1.5,149000,transmit
1.505,89000,ack
1.508,150000,transmit
1.513,89000,ack
1.516,151000,transmit
1.521,89000,ack
1.524,152000,transmit
1.529,89000,ack
1.532,153000,transmit
1.537,89000,ack
1.54,154000,transmit
1.545,89000,ack
1.548,155000,transmit
1.553,89000,ack
1.556,156000,transmit
1.561,89000,ack
1.564,157000,transmit
1.569,89000,ack
1.572,158000,transmit
1.577,89000,ack
1.58,159000,transmit
1.585,89000,ack
1.588,160000,transmit
1.593,89000,ack
1.596,161000,transmit
1.601,89000,ack
1.604,162000,transmit
1.609,89000,ack
1.612,163000,transmit
1.617,89000,ack
1.62,164000,transmit
1.625,89000,ack
1.628,165000,transmit
1.633,89000,ack
1.636,166000,transmit
1.641,89000,ack
1.644,167000,transmit
1.649,89000,ack
1.652,168000,transmit
1.657,89000,ack
1.66,169000,transmit
1.665,89000,ack
1.668,170000,transmit
1.673,89000,ack
1.676,171000,transmit
1.681,89000,ack
1.684,172000,transmit
1.689,89000,ack
1.692,173000,transmit
1.697,89000,ack
1.7,174000,transmit
1.705,89000,ack
1.708,175000,transmit
1.713,89000,ack
1.716,176000,transmit
1.721,89000,ack
1.724,177000,transmit
1.729,89000,ack
1.732,178000,transmit
1.737,89000,ack
1.74,179000,transmit
1.745,89000,ack
1.748,180000,transmit
1.753,89000,ack
1.756,90000,transmit
1.761,89000,ack
1.769,89000,ack
1.777,89000,ack
1.785,89000,ack
1.793,89000,ack
1.801,89000,ack
1.809,89000,ack
1.817,89000,ack
1.825,89000,ack
1.833,89000,ack
1.841,89000,ack
1.849,89000,ack
1.857,89000,ack
1.865,180000,ack
1.865,181000,send
1.865,182000,send
1.865,181000,transmit
1.873,182000,transmit
1.974,181000,ack
1.974,183000,send
1.974,184000,send
1.974,183000,transmit
1.982,184000,transmit
1.982,182000,ack
1.982,185000,send
1.982,186000,send
1.99,185000,transmit
1.998,186000,transmit
2.083,183000,ack
2.083,187000,send
2.083,188000,send
2.083,187000,transmit
2.091,188000,transmit
2.091,184000,ack
2.091,189000,send
2.091,190000,send
2.099,189000,transmit
2.099,185000,ack
2.099,191000,send
2.099,192000,send
2.107,190000,transmit
2.107,186000,ack
2.107,193000,send
2.107,194000,send
2.115,191000,transmit
2.123,192000,transmit
2.131,193000,transmit
2.139,194000,transmit
2.192,187000,ack
2.192,195000,send
2.192,196000,send
2.192,195000,transmit
2.2,196000,transmit
2.2,188000,ack
2.2,197000,send
2.2,198000,send
2.208,197000,transmit
2.208,189000,ack
2.208,199000,send
2.208,200000,send
2.216,198000,transmit
2.216,190000,ack
2.216,201000,send
2.216,202000,send
2.224,199000,transmit
2.224,191000,ack
2.224,203000,send
2.224,204000,send
2.232,200000,transmit
2.232,192000,ack
2.232,205000,send
2.232,206000,send
2.24,201000,transmit
2.24,193000,ack
2.24,207000,send
2.24,208000,send
2.248,202000,transmit
2.248,194000,ack
2.248,209000,send
2.248,210000,send
2.256,203000,transmit
2.264,204000,transmit
2.272,205000,transmit
2.28,206000,transmit
2.288,207000,transmit
2.296,208000,transmit
2.301,195000,ack
2.301,211000,send
2.301,212000,send
2.304,209000,transmit
2.309,196000,ack
2.309,213000,send
2.309,214000,send
2.312,210000,transmit
2.317,197000,ack
2.317,215000,send
2.317,216000,send
2.32,211000,transmit
2.325,198000,ack
2.325,217000,send
2.325,218000,send
2.328,212000,transmit
2.333,199000,ack
2.333,219000,send
2.333,220000,send
2.336,213000,transmit
2.341,200000,ack
2.341,221000,send
2.341,222000,send
2.344,214000,transmit
2.349,201000,ack
2.349,223000,send
2.349,224000,send
2.352,215000,transmit
2.357,202000,ack
2.357,225000,send
2.357,226000,send
2.36,216000,transmit
2.365,203000,ack
2.365,227000,send
2.365,228000,send
2.368,217000,transmit
2.373,204000,ack
2.373,229000,send
2.373,230000,send
2.376,218000,transmit
2.381,205000,ack
2.381,231000,send
2.381,232000,send
2.384,219000,transmit
2.389,206000,ack
2.389,233000,send
2.389,234000,send
2.392,220000,transmit
2.397,207000,ack
2.397,235000,send
2.397,236000,send
2.4,221000,transmit
2.405,208000,ack
2.405,237000,send
2.405,238000,send
2.408,222000,transmit
2.413,209000,ack
2.413,239000,send
2.413,240000,send
2.416,223000,transmit
2.421,210000,ack
2.421,241000,send
2.421,242000,send
2.424,224000,transmit
2.429,211000,ack
2.429,243000,send
2.429,244000,send
2.432,225000,transmit
2.437,212000,ack
2.437,245000,send
2.437,246000,send
2.44,226000,transmit
2.445,213000,ack
2.445,247000,send
2.445,248000,send
2.448,227000,transmit
2.453,214000,ack
2.453,249000,send
2.453,250000,send
2.456,228000,transmit
2.461,215000,ack
2.461,251000,send
2.461,252000,send
2.464,229000,transmit
2.469,216000,ack
2.469,253000,send
2.469,254000,send
2.472,230000,transmit
2.477,217000,ack
2.477,255000,send
2.477,256000,send
2.48,231000,transmit
2.485,218000,ack
2.485,257000,send
2.485,258000,send
2.488,232000,transmit
2.493,219000,ack
2.493,259000,send
2.493,260000,send
2.496,233000,transmit
2.501,220000,ack
2.501,261000,send
2.501,262000,send
2.504,234000,transmit
2.509,221000,ack
2.509,263000,send
2.509,264000,send
2.512,235000,transmit
2.517,222000,ack
2.517,265000,send
2.517,266000,send
2.52,236000,transmit
2.525,223000,ack
2.525,267000,send
2.525,268000,send
2.528,237000,transmit
2.533,224000,ack
2.533,269000,send
2.536,238000,transmit
2.541,225000,ack
2.541,270000,send
2.544,239000,transmit
2.549,226000,ack
2.549,271000,send
2.552,240000,transmit
2.557,227000,ack
2.557,272000,send
2.56,241000,transmit
2.565,228000,ack
2.565,273000,send
2.568,242000,transmit
2.573,229000,ack
2.573,274000,send
2.576,243000,transmit
2.581,230000,ack
2.581,275000,send
2.584,244000,transmit
2.589,231000,ack
2.589,276000,send
2.592,245000,transmit
2.597,232000,ack
2.597,277000,send
2.6,246000,transmit
2.605,233000,ack
2.605,278000,send
2.608,247000,transmit
2.613,234000,ack
2.613,279000,send
2.616,248000,transmit
2.621,235000,ack
2.621,280000,send
2.624,249000,transmit
2.629,236000,ack
2.629,281000,send
2.632,250000,transmit
2.637,237000,ack
2.637,282000,send
2.64,251000,transmit
2.645,238000,ack
2.645,283000,send
2.648,252000,transmit
2.653,239000,ack
2.653,284000,send
2.656,253000,transmit
2.661,240000,ack
2.661,285000,send
2.664,254000,transmit
2.669,241000,ack
2.669,286000,send
2.672,255000,transmit
2.677,242000,ack
2.677,287000,send
2.68,256000,transmit
2.685,243000,ack
2.685,288000,send
2.688,257000,transmit
2.693,244000,ack
2.693,289000,send
2.696,258000,transmit
2.701,245000,ack
2.701,290000,send
2.704,259000,transmit
2.709,246000,ack
2.709,291000,send
2.712,260000,transmit
2.717,247000,ack
2.717,292000,send
2.72,261000,transmit
2.725,248000,ack
2.725,293000,send
2.728,262000,transmit
2.733,249000,ack
2.733,294000,send
2.736,263000,transmit
2.741,250000,ack
2.741,295000,send
2.744,264000,transmit
2.749,251000,ack
2.749,296000,send
2.752,265000,transmit
2.757,252000,ack
2.757,297000,send
2.76,266000,transmit
2.765,253000,ack
2.765,298000,send
2.768,267000,transmit
2.773,254000,ack
2.773,299000,send
2.776,268000,transmit
2.781,255000,ack
2.781,300000,send
2.784,269000,transmit
2.789,256000,ack
2.789,301000,send
2.792,270000,transmit
2.797,257000,ack
2.797,302000,send
2.8,271000,transmit
2.805,258000,ack
2.805,303000,send
2.808,272000,transmit
2.813,259000,ack
2.813,304000,send
2.816,273000,transmit
2.821,260000,ack
2.821,305000,send
2.824,274000,transmit
2.829,261000,ack
2.829,306000,send
2.832,275000,transmit
2.837,262000,ack
2.837,307000,send
2.84,276000,transmit
2.845,263000,ack
2.845,308000,send
2.848,277000,transmit
2.853,264000,ack
2.853,309000,send
2.856,278000,transmit
2.861,265000,ack
2.861,310000,send
2.864,279000,transmit
2.869,266000,ack
2.869,311000,send
2.872,280000,transmit
2.877,267000,ack
2.877,312000,send
2.88,281000,transmit
2.885,268000,ack
2.885,313000,send
2.888,282000,transmit
2.893,269000,ack
2.893,314000,send
2.893,315000,send
2.896,283000,transmit
2.901,270000,ack
2.901,316000,send
2.904,284000,transmit
2.909,271000,ack
2.909,317000,send
2.912,285000,transmit
2.917,272000,ack
2.917,318000,send
2.92,286000,transmit
2.925,273000,ack
2.925,319000,send
2.928,287000,transmit
2.933,274000,ack
2.933,320000,send
2.936,288000,transmit
2.941,275000,ack
2.941,321000,send
2.944,289000,transmit
2.949,276000,ack
2.949,322000,send
2.952,290000,transmit
2.957,277000,ack
2.957,323000,send
2.96,291000,transmit
2.965,278000,ack
2.965,324000,send
2.968,292000,transmit
2.973,279000,ack
2.973,325000,send
2.976,293000,transmit
2.981,280000,ack
2.981,326000,send
2.984,294000,transmit
2.989,281000,ack
2.989,327000,send
2.992,295000,transmit
2.997,282000,ack
2.997,328000,send
3.0,296000,transmit
3.005,283000,ack
3.005,329000,send
3.008,297000,transmit
3.013,284000,ack
3.013,330000,send
3.016,298000,transmit
3.021,285000,ack
3.021,331000,send
3.024,299000,transmit
3.029,286000,ack
3.029,332000,send
3.032,300000,transmit
3.037,287000,ack
3.037,333000,send
3.04,301000,transmit
3.045,288000,ack
3.045,334000,send
3.048,302000,transmit
3.053,289000,ack
3.053,335000,send
3.056,303000,transmit
3.061,290000,ack
3.061,336000,send
3.064,304000,transmit
3.069,291000,ack
3.069,337000,send
3.072,305000,transmit
3.077,292000,ack
3.077,338000,send
3.08,306000,transmit
3.085,293000,ack
3.085,339000,send
3.088,307000,transmit
3.093,294000,ack
3.093,340000,send
3.096,308000,transmit
3.101,295000,ack
3.101,341000,send
3.104,309000,transmit
3.109,296000,ack
3.109,342000,send
3.112,310000,transmit
3.117,297000,ack
3.117,343000,send
3.12,311000,transmit
3.125,298000,ack
3.125,344000,send
3.128,312000,transmit
3.133,299000,ack
3.133,345000,send
3.136,313000,transmit
3.141,300000,ack
3.141,346000,send
3.144,314000,transmit
3.149,301000,ack
3.149,347000,send
3.152,315000,transmit
3.157,302000,ack
3.157,348000,send
3.16,316000,transmit
3.165,303000,ack
3.165,349000,send
3.168,317000,transmit
3.173,304000,ack
3.173,350000,drop
3.176,318000,transmit
3.181,305000,ack
3.181,351000,send
3.184,319000,transmit
3.189,306000,ack
3.189,352000,send
3.192,320000,transmit
3.197,307000,ack
3.197,353000,send
3.2,321000,transmit
3.205,308000,ack
3.205,354000,send
3.208,322000,transmit
3.213,309000,ack
3.213,355000,send
3.216,323000,transmit
3.221,310000,ack
3.221,356000,send
3.224,324000,transmit
3.229,311000,ack
3.229,357000,send
3.232,325000,transmit
3.237,312000,ack
3.237,358000,send
3.24,326000,transmit
3.245,313000,ack
3.245,359000,send
3.248,327000,transmit
3.253,314000,ack
3.253,360000,send
3.256,328000,transmit
3.261,315000,ack
3.261,361000,send
3.264,329000,transmit
3.269,316000,ack
3.269,362000,send
3.272,330000,transmit
3.277,317000,ack
3.277,363000,send
3.277,364000,send
3.28,331000,transmit
3.285,318000,ack
3.285,365000,send
3.288,332000,transmit
3.293,319000,ack
3.293,366000,send
3.296,333000,transmit
3.301,320000,ack
3.301,367000,send
3.304,334000,transmit
3.309,321000,ack
3.309,368000,send
3.312,335000,transmit
3.317,322000,ack
3.317,369000,send
3.32,336000,transmit
3.325,323000,ack
3.325,370000,send
3.328,337000,transmit
3.333,324000,ack
3.333,371000,send
3.336,338000,transmit
3.341,325000,ack
3.341,372000,send
3.344,339000,transmit
3.349,326000,ack
3.349,373000,send
3.352,340000,transmit
3.357,327000,ack
3.357,374000,send
3.36,341000,transmit
3.365,328000,ack
3.365,375000,send
3.368,342000,transmit
3.373,329000,ack
3.373,376000,send
3.376,343000,transmit
3.381,330000,ack
3.381,377000,send
3.384,344000,transmit
3.389,331000,ack
3.389,378000,send
3.392,345000,transmit
3.397,332000,ack
3.397,379000,send
3.4,346000,transmit
3.405,333000,ack
3.405,380000,send
3.408,347000,transmit
3.413,334000,ack
3.413,381000,send
3.416,348000,transmit
3.421,335000,ack
3.421,382000,send
3.424,349000,transmit
3.429,336000,ack
3.429,383000,send
3.432,351000,transmit
3.437,337000,ack
3.437,384000,send
3.44,352000,transmit
3.445,338000,ack
3.445,385000,send
3.448,353000,transmit
3.453,339000,ack
3.453,386000,send
3.456,354000,transmit
3.461,340000,ack
3.461,387000,send
3.464,355000,transmit
3.469,341000,ack
3.469,388000,send
3.472,356000,transmit
3.477,342000,ack
3.477,389000,send
3.48,357000,transmit
3.485,343000,ack
3.485,390000,send
3.488,358000,transmit
3.493,344000,ack
3.493,391000,send
3.496,359000,transmit
3.501,345000,ack
3.501,392000,send
3.504,360000,transmit
3.509,346000,ack
3.509,393000,send
3.512,361000,transmit
3.517,347000,ack
3.517,394000,send
3.52,362000,transmit
3.525,348000,ack
3.525,395000,send
3.528,363000,transmit
3.533,349000,ack
3.533,396000,send
3.536,364000,transmit
3.541,349000,ack
3.544,365000,transmit
3.549,349000,ack
3.552,366000,transmit
3.557,349000,ack
3.557,350000,send
3.56,367000,transmit
3.565,349000,ack
3.568,368000,transmit
3.573,349000,ack
3.576,369000,transmit
3.581,349000,ack
3.584,370000,transmit
3.589,349000,ack
3.592,371000,transmit
3.597,349000,ack
3.6,372000,transmit
3.605,349000,ack
3.608,373000,transmit
3.613,349000,ack
3.616,374000,transmit
3.621,349000,ack
3.624,375000,transmit
3.629,349000,ack
3.632,376000,transmit
3.637,349000,ack
3.64,377000,transmit
3.645,349000,ack
3.648,378000,transmit
3.653,349000,ack
3.656,379000,transmit
3.661,349000,ack
3.664,380000,transmit
3.669,349000,ack
3.672,381000,transmit
3.677,349000,ack
3.68,382000,transmit
3.685,349000,ack
3.688,383000,transmit
3.693,349000,ack
3.696,384000,transmit
3.701,349000,ack
3.704,385000,transmit
3.709,349000,ack
3.712,386000,transmit
3.717,349000,ack
3.72,387000,transmit
3.725,349000,ack
3.728,388000,transmit
3.733,349000,ack
3.736,389000,transmit
3.741,349000,ack
3.744,390000,transmit
3.749,349000,ack
3.752,391000,transmit
3.757,349000,ack
3.76,392000,transmit
3.765,349000,ack
3.768,393000,transmit
3.773,349000,ack
3.776,394000,transmit
3.781,349000,ack
3.784,395000,transmit
3.789,349000,ack
3.792,396000,transmit
3.797,349000,ack
3.8,350000,transmit
3.805,349000,ack
3.813,349000,ack
3.821,349000,ack
3.829,349000,ack
3.837,349000,ack
3.845,349000,ack
3.853,349000,ack
3.861,349000,ack
3.869,349000,ack
3.877,349000,ack
3.885,349000,ack
3.893,349000,ack
3.901,349000,ack
3.909,396000,ack
3.909,397000,send
3.909,398000,send
3.909,397000,transmit
3.917,398000,transmit
4.018,397000,ack
4.018,399000,send
4.018,400000,send
4.018,399000,transmit
4.026,400000,transmit
4.026,398000,ack
4.026,401000,send
4.026,402000,send
4.034,401000,transmit
4.042,402000,transmit
4.127,399000,ack
4.127,403000,send
4.127,404000,send
4.127,403000,transmit
4.135,404000,transmit
4.135,400000,ack
4.135,405000,send
4.135,406000,send
4.143,405000,transmit
4.143,401000,ack
4.143,407000,send
4.143,408000,send
4.151,406000,transmit
4.151,402000,ack
4.151,409000,send
4.151,410000,send
4.159,407000,transmit
4.167,408000,transmit
4.175,409000,transmit
4.183,410000,transmit
4.236,403000,ack
4.236,411000,send
4.236,412000,send
4.236,411000,transmit
4.244,412000,transmit
4.244,404000,ack
4.244,413000,send
4.244,414000,send
4.252,413000,transmit
4.252,405000,ack
4.252,415000,send
4.252,416000,send
4.26,414000,transmit
4.26,406000,ack
4.26,417000,send
4.26,418000,send
4.268,415000,transmit
4.268,407000,ack
4.268,419000,send
4.268,420000,send
4.276,416000,transmit
4.276,408000,ack
4.276,421000,send
4.276,422000,send
4.284,417000,transmit
4.284,409000,ack
4.284,423000,send
4.284,424000,send
4.292,418000,transmit
4.292,410000,ack
4.292,425000,send
4.292,426000,send
4.3,419000,transmit
4.308,420000,transmit
4.316,421000,transmit
4.324,422000,transmit
4.332,423000,transmit
4.34,424000,transmit
4.345,411000,ack
4.345,427000,send
4.345,428000,send
4.348,425000,transmit
4.353,412000,ack
4.353,429000,send
4.353,430000,send
4.356,426000,transmit
4.361,413000,ack
4.361,431000,send
4.361,432000,send
4.364,427000,transmit
4.369,414000,ack
4.369,433000,send
4.369,434000,send
4.372,428000,transmit
4.377,415000,ack
4.377,435000,send
4.377,436000,send
4.38,429000,transmit
4.385,416000,ack
4.385,437000,send
4.385,438000,send
4.388,430000,transmit
4.393,417000,ack
4.393,439000,send
4.393,440000,send
4.396,431000,transmit
4.401,418000,ack
4.401,441000,send
4.404,432000,transmit
4.409,419000,ack
4.409,442000,send
4.412,433000,transmit
4.417,420000,ack
4.417,443000,send
4.42,434000,transmit
4.425,421000,ack
4.425,444000,send
4.428,435000,transmit
4.433,422000,ack
4.433,445000,send
4.436,436000,transmit
4.441,423000,ack
4.441,446000,send
4.444,437000,transmit
4.449,424000,ack
4.449,447000,send
4.452,438000,transmit
4.457,425000,ack
4.457,448000,send
4.46,439000,transmit
4.465,426000,ack
4.465,449000,send
4.468,440000,transmit
4.473,427000,ack
4.473,450000,send
4.476,441000,transmit
4.481,428000,ack
4.481,451000,send
4.484,442000,transmit
4.489,429000,ack
4.489,452000,send
4.492,443000,transmit
4.497,430000,ack
4.497,453000,send
4.5,444000,transmit
4.505,431000,ack
4.505,454000,send
4.508,445000,transmit
4.513,432000,ack
4.513,455000,send
4.516,446000,transmit
4.521,433000,ack
4.521,456000,send
4.524,447000,transmit
4.529,434000,ack
4.529,457000,send
4.532,448000,transmit
4.537,435000,ack
4.537,458000,send
4.54,449000,transmit
4.545,436000,ack
4.545,459000,send
4.548,450000,transmit
4.553,437000,ack
4.553,460000,send
4.556,451000,transmit
4.561,438000,ack
4.561,461000,send
4.564,452000,transmit
4.569,439000,ack
4.569,462000,send
4.572,453000,transmit
4.577,440000,ack
4.577,463000,send
4.58,454000,transmit
4.585,441000,ack
4.585,464000,send
4.585,465000,send
4.588,455000,transmit
4.593,442000,ack
4.593,466000,send
4.596,456000,transmit
4.601,443000,ack
4.601,467000,send
4.604,457000,transmit
4.609,444000,ack
4.609,468000,send
4.612,458000,transmit
4.617,445000,ack
4.617,469000,send
4.62,459000,transmit
4.625,446000,ack
4.625,470000,send
4.628,460000,transmit
4.633,447000,ack
4.633,471000,send
4.636,461000,transmit
4.641,448000,ack
4.641,472000,send
4.644,462000,transmit
4.649,449000,ack
4.649,473000,send
4.652,463000,transmit
4.657,450000,ack
4.657,474000,send
4.66,464000,transmit
4.665,451000,ack
4.665,475000,send
4.668,465000,transmit
4.673,452000,ack
4.673,476000,send
4.676,466000,transmit
4.681,453000,ack
4.681,477000,send
4.684,467000,transmit
4.689,454000,ack
4.689,478000,send
4.692,468000,transmit
4.697,455000,ack
4.697,479000,send
4.7,469000,transmit
4.705,456000,ack
4.705,480000,send
4.708,470000,transmit
4.713,457000,ack
4.713,481000,send
4.716,471000,transmit
4.721,458000,ack
4.721,482000,send
4.724,472000,transmit
4.729,459000,ack
4.729,483000,send
4.732,473000,transmit
4.737,460000,ack
4.737,484000,send
4.74,474000,transmit
4.745,461000,ack
4.745,485000,send
4.748,475000,transmit
4.753,462000,ack
4.753,486000,send
4.756,476000,transmit
4.761,463000,ack
4.761,487000,send
4.764,477000,transmit
4.769,464000,ack
4.769,488000,send
4.772,478000,transmit
4.777,465000,ack
4.777,489000,send
4.777,490000,send
4.78,479000,transmit
4.785,466000,ack
4.785,491000,send
4.788,480000,transmit
4.793,467000,ack
4.793,492000,send
4.796,481000,transmit
4.801,468000,ack
4.801,493000,send
4.804,482000,transmit
4.809,469000,ack
4.809,494000,send
4.812,483000,transmit
4.817,470000,ack
4.817,495000,send
4.82,484000,transmit
4.825,471000,ack
4.825,496000,send
4.828,485000,transmit
4.833,472000,ack
4.833,497000,send
4.836,486000,transmit
4.841,473000,ack
4.841,498000,send
4.844,487000,transmit
4.849,474000,ack
4.849,499000,send
4.852,488000,transmit
4.857,475000,ack
4.857,500000,send
4.86,489000,transmit
4.865,476000,ack
4.865,501000,send
4.868,490000,transmit
4.873,477000,ack
4.873,502000,send
4.876,491000,transmit
4.881,478000,ack
4.881,503000,send
4.884,492000,transmit
4.889,479000,ack
4.889,504000,send
4.892,493000,transmit
4.897,480000,ack
4.897,505000,send
4.9,494000,transmit
4.905,481000,ack
4.905,506000,send
4.908,495000,transmit
4.913,482000,ack
4.913,507000,send
4.916,496000,transmit
4.921,483000,ack
4.921,508000,send
4.924,497000,transmit
4.929,484000,ack
4.929,509000,send
4.932,498000,transmit
4.937,485000,ack
4.937,510000,send
4.94,499000,transmit
4.945,486000,ack
4.945,511000,send
4.948,500000,transmit
4.953,487000,ack
4.953,512000,send
4.956,501000,transmit
4.961,488000,ack
4.961,513000,send
4.964,502000,transmit
4.969,489000,ack
4.969,514000,send
4.972,503000,transmit
4.977,490000,ack
4.98,504000,transmit
4.985,491000,ack
4.988,505000,transmit
4.993,492000,ack
4.996,506000,transmit
5.001,493000,ack
5.004,507000,transmit
5.009,494000,ack
5.012,508000,transmit
5.017,495000,ack
5.02,509000,transmit
5.025,496000,ack
5.028,510000,transmit
5.033,497000,ack
5.036,511000,transmit
5.041,498000,ack
5.044,512000,transmit
5.049,499000,ack
5.052,513000,transmit
5.057,500000,ack
5.06,514000,transmit
5.065,501000,ack
5.073,502000,ack
5.081,503000,ack
5.089,504000,ack
5.097,505000,ack
5.105,506000,ack
5.113,507000,ack
5.121,508000,ack
5.129,509000,ack
5.137,510000,ack
5.145,511000,ack
5.153,512000,ack
5.161,513000,ack
5.16516,513520,ack
